Jhon doe," =DATE(YEAR(TODAY()),11,16)"
Jhon doe," =DATE(YEAR(TODAY()),10,23)"
Jhon doe," =DATE(YEAR(TODAY()),10,28)"
Jhon doe," =DATE(YEAR(TODAY()),12,10)"
Jhon doe," =DATE(YEAR(TODAY()),9,18)"
Jhon doe," =DATE(YEAR(TODAY()),2,5)"
Jhon doe," =DATE(YEAR(TODAY()),6,8)"
Jhon doe," =DATE(YEAR(TODAY()),10,8)"
Jhon doe," =DATE(YEAR(TODAY()),7,31)"
Jhon doe," =DATE(YEAR(TODAY()),1,4)"
Jhon doe," =DATE(YEAR(TODAY()),3,24)"
Jhon doe," =DATE(YEAR(TODAY()),2,9)"
Jhon doe," =DATE(YEAR(TODAY()),11,22)"
Jhon doe," =DATE(YEAR(TODAY()),2,27)"
Jhon doe," =DATE(YEAR(TODAY()),6,29)"
Jhon doe," =DATE(YEAR(TODAY()),11,20)"
Jhon doe," =DATE(YEAR(TODAY()),5,9)"
Jhon doe," =DATE(YEAR(TODAY()),11,8)"
Jhon doe," =DATE(YEAR(TODAY()),3,26)"
Jhon doe," =DATE(YEAR(TODAY()),10,9)"
Jhon doe," =DATE(YEAR(TODAY()),2,12)"
Jhon doe," =DATE(YEAR(TODAY()),8,11)"
Jhon doe," =DATE(YEAR(TODAY()),2,22)"
Jhon doe," =DATE(YEAR(TODAY()),5,27)"
Jhon doe," =DATE(YEAR(TODAY()),8,14)"
Jhon doe," =DATE(YEAR(TODAY()),9,24)"
Jhon doe," =DATE(YEAR(TODAY()),7,14)"
Jhon doe," =DATE(YEAR(TODAY()),10,11)"
Jhon doe," =DATE(YEAR(TODAY()),3,18)"
Jhon doe," =DATE(YEAR(TODAY()),9,30)"
Jhon doe," =DATE(YEAR(TODAY()),3,12)"
Jhon doe," =DATE(YEAR(TODAY()),10,23)"
Jhon doe," =DATE(YEAR(TODAY()),4,13)"
Jhon doe," =DATE(YEAR(TODAY()),1,12)"
Jhon doe," =DATE(YEAR(TODAY()),5,23)"
Jhon doe," =DATE(YEAR(TODAY()),10,10)"
Jhon doe," =DATE(YEAR(TODAY()),1,1)"
Jhon doe," =DATE(YEAR(TODAY()),10,4)"
Jhon doe," =DATE(YEAR(TODAY()),4,15)"
Jhon doe," =DATE(YEAR(TODAY()),7,11)"
Jhon doe," =DATE(YEAR(TODAY()),12,5)"
Jhon doe," =DATE(YEAR(TODAY()),5,20)"
Jhon doe," =DATE(YEAR(TODAY()),10,9)"
Jhon doe," =DATE(YEAR(TODAY()),11,8)"
Jhon doe," =DATE(YEAR(TODAY()),8,21)"
Jhon doe," =DATE(YEAR(TODAY()),2,5)"
Jhon doe," =DATE(YEAR(TODAY()),1,11)"
Jhon doe," =DATE(YEAR(TODAY()),6,29)"
Jhon doe," =DATE(YEAR(TODAY()),5,15)"
Jhon doe," =DATE(YEAR(TODAY()),7,22)"
Jhon doe," =DATE(YEAR(TODAY()),7,20)"
Jhon doe," =DATE(YEAR(TODAY()),7,17)"
Jhon doe," =DATE(YEAR(TODAY()),12,31)"
Jhon doe," =DATE(YEAR(TODAY()),9,21)"
Jhon doe," =DATE(YEAR(TODAY()),8,19)"
Jhon doe," =DATE(YEAR(TODAY()),5,19)"
Jhon doe," =DATE(YEAR(TODAY()),10,26)"
Jhon doe," =DATE(YEAR(TODAY()),10,23)"
Jhon doe," =DATE(YEAR(TODAY()),3,18)"
Jhon doe," =DATE(YEAR(TODAY()),3,12)"
Jhon doe," =DATE(YEAR(TODAY()),4,21)"
Jhon doe," =DATE(YEAR(TODAY()),11,28)"
Jhon doe," =DATE(YEAR(TODAY()),3,25)"
Jhon doe," =DATE(YEAR(TODAY()),5,29)"
Jhon doe," =DATE(YEAR(TODAY()),3,1)"
Jhon doe," =DATE(YEAR(TODAY()),2,3)"
Jhon doe," =DATE(YEAR(TODAY()),6,14)"
Jhon doe," =DATE(YEAR(TODAY()),5,31)"
Jhon doe," =DATE(YEAR(TODAY()),4,12)"
Jhon doe," =DATE(YEAR(TODAY()),5,10)"
Jhon doe," =DATE(YEAR(TODAY()),10,1)"
Jhon doe," =DATE(YEAR(TODAY()),12,20)"
Jhon doe," =DATE(YEAR(TODAY()),4,26)"
Jhon doe," =DATE(YEAR(TODAY()),10,14)"
Jhon doe," =DATE(YEAR(TODAY()),3,26)"
Jhon doe," =DATE(YEAR(TODAY()),9,16)"
Jhon doe," =DATE(YEAR(TODAY()),3,8)"
Jhon doe," =DATE(YEAR(TODAY()),11,5)"
Jhon doe," =DATE(YEAR(TODAY()),4,17)"
Jhon doe," =DATE(YEAR(TODAY()),10,15)"
Jhon doe," =DATE(YEAR(TODAY()),9,13)"
Jhon doe," =DATE(YEAR(TODAY()),3,15)"
Jhon doe," =DATE(YEAR(TODAY()),6,12)"
Jhon doe," =DATE(YEAR(TODAY()),4,16)"
Jhon doe," =DATE(YEAR(TODAY()),5,30)"
Jhon doe," =DATE(YEAR(TODAY()),7,27)"
Jhon doe," =DATE(YEAR(TODAY()),5,13)"
Jhon doe," =DATE(YEAR(TODAY()),9,19)"
Jhon doe," =DATE(YEAR(TODAY()),3,19)"
Jhon doe," =DATE(YEAR(TODAY()),5,16)"
Jhon doe," =DATE(YEAR(TODAY()),6,2)"
Jhon doe," =DATE(YEAR(TODAY()),12,31)"
Jhon doe," =DATE(YEAR(TODAY()),3,10)"
Jhon doe," =DATE(YEAR(TODAY()),10,6)"
Jhon doe," =DATE(YEAR(TODAY()),9,14)"
Jhon doe," =DATE(YEAR(TODAY()),12,31)"
Jhon doe," =DATE(YEAR(TODAY()),3,23)"
Jhon doe," =DATE(YEAR(TODAY()),7,8)"
Jhon doe," =DATE(YEAR(TODAY()),3,1)"
Jhon doe," =DATE(YEAR(TODAY()),7,4)"
Jhon doe," =DATE(YEAR(TODAY()),10,28)"
Jhon doe," =DATE(YEAR(TODAY()),4,30)"
Jhon doe," =DATE(YEAR(TODAY()),3,25)"
Jhon doe," =DATE(YEAR(TODAY()),10,1)"
Jhon doe," =DATE(YEAR(TODAY()),6,17)"
Jhon doe," =DATE(YEAR(TODAY()),12,11)"
Jhon doe," =DATE(YEAR(TODAY()),10,22)"
Jhon doe," =DATE(YEAR(TODAY()),6,25)"
Jhon doe," =DATE(YEAR(TODAY()),12,3)"
Jhon doe," =DATE(YEAR(TODAY()),10,29)"
Jhon doe," =DATE(YEAR(TODAY()),4,12)"
Jhon doe," =DATE(YEAR(TODAY()),4,14)"
Jhon doe," =DATE(YEAR(TODAY()),1,19)"
Jhon doe," =DATE(YEAR(TODAY()),9,21)"
Jhon doe," =DATE(YEAR(TODAY()),3,17)"
Jhon doe," =DATE(YEAR(TODAY()),5,10)"
Jhon doe," =DATE(YEAR(TODAY()),9,6)"
Jhon doe," =DATE(YEAR(TODAY()),7,27)"
Jhon doe," =DATE(YEAR(TODAY()),12,1)"
Jhon doe," =DATE(YEAR(TODAY()),2,26)"
Jhon doe," =DATE(YEAR(TODAY()),8,16)"
Jhon doe," =DATE(YEAR(TODAY()),12,21)"
Jhon doe," =DATE(YEAR(TODAY()),10,25)"
Jhon doe," =DATE(YEAR(TODAY()),8,27)"
Jhon doe," =DATE(YEAR(TODAY()),3,20)"
Jhon doe," =DATE(YEAR(TODAY()),6,28)"
Jhon doe," =DATE(YEAR(TODAY()),5,14)"
Jhon doe," =DATE(YEAR(TODAY()),10,24)"
Jhon doe," =DATE(YEAR(TODAY()),9,28)"
Jhon doe," =DATE(YEAR(TODAY()),12,17)"
Jhon doe," =DATE(YEAR(TODAY()),11,18)"
Jhon doe," =DATE(YEAR(TODAY()),8,24)"
Jhon doe," =DATE(YEAR(TODAY()),7,27)"
Jhon doe," =DATE(YEAR(TODAY()),5,18)"
Jhon doe," =DATE(YEAR(TODAY()),5,2)"
Jhon doe," =DATE(YEAR(TODAY()),6,5)"
Jhon doe," =DATE(YEAR(TODAY()),3,8)"
Jhon doe," =DATE(YEAR(TODAY()),5,29)"
Jhon doe," =DATE(YEAR(TODAY()),9,21)"
Jhon doe," =DATE(YEAR(TODAY()),12,31)"
